user_id,name,email,created_at
1,김주원,mi@example.com,2024-12-20 08:02:17.862924
2,박정남,yeonghyiu@example.com,2023-11-20 21:39:58.880565
3,이주원,isanghun@example.org,2025-03-31 21:04:39.043335
4,백미정,byeongceol39@example.com,2024-07-14 20:50:46.753493
5,김정순,bagjongsu@example.org,2023-08-18 08:10:01.964083
6,박영철,sanghyeon52@example.com,2025-07-26 16:39:47.764424
7,윤현지,yeongilgim@example.com,2023-12-31 01:00:58.039592
8,오예은,haeungim@example.org,2023-12-22 23:17:46.279912
9,홍예지,jihye47@example.net,2024-02-12 13:39:35.116743
10,김재호,minsu08@example.net,2023-09-22 16:28:34.512487
11,이영진,jaeho69@example.net,2024-01-16 09:39:16.754188
12,이상철,hongeunju@example.com,2024-07-10 06:21:45.567569
13,문서영,cahyeonji@example.net,2023-09-22 11:59:17.073769
14,한민서,gimyeongja@example.net,2025-07-24 23:08:28.782783
15,김민지,hwangeunju@example.net,2024-04-23 04:55:24.989255
16,김정호,seojun45@example.net,2023-11-26 17:41:01.557173
17,이도현,sangceolhan@example.org,2025-05-12 06:55:00.875781
18,박정자,cayeongsu@example.net,2024-09-16 09:11:10.341194
19,노준영,ijeongsig@example.org,2023-10-10 22:55:53.271928
20,김지민,hyeonsugbae@example.com,2024-02-19 06:56:20.717582
21,김민서,kgim@example.net,2024-08-03 11:05:14.552900
22,박준호,seonghyeonbag@example.net,2025-05-11 06:39:25.745297
23,김정훈,jimingim@example.com,2024-11-12 13:12:47.083377
24,남상훈,gbag@example.com,2024-11-02 00:47:22.682366
25,김은주,seongho68@example.com,2025-05-09 02:23:06.881652
26,이옥순,jaeho00@example.net,2024-01-07 15:26:46.002537
27,김정훈,gimmijeong@example.net,2023-12-20 21:49:06.710870
28,이민준,gimogsun@example.org,2024-12-13 02:00:34.293119
29,양현준,yeongsigi@example.com,2024-01-15 20:54:49.831565
30,김도현,jeongsu71@example.net,2024-03-15 04:13:48.636584
31,고지혜,ceom@example.org,2023-09-12 12:45:29.822216
32,이준호,namjeongho@example.org,2023-11-10 17:17:53.050137
33,황순자,yeeuni@example.org,2024-06-23 07:51:02.320952
34,배재호,ygim@example.com,2025-04-15 19:27:53.334870
35,김영식,jongsui@example.org,2024-12-19 08:09:18.003124
36,허예은,gimjinu@example.com,2024-12-03 10:22:46.193091
37,우유진,seohyeon18@example.com,2024-03-18 15:34:37.521992
38,민정훈,yeonghyi69@example.com,2024-04-06 04:06:38.713400
39,나영수,dcoe@example.org,2024-09-20 15:14:38.105563
40,허영호,baghyeonu@example.com,2023-10-29 13:31:29.623888
41,김은주,xgim@example.org,2025-03-17 21:42:04.980482
42,전정웅,noyeonghyi@example.com,2024-03-21 18:25:54.365180
43,김중수,ti@example.net,2024-07-12 09:01:18.894394
44,김도윤,jeongsuo@example.com,2025-07-15 16:47:00.618506
45,김정수,seoyeongim@example.com,2024-01-16 16:45:15.724708
46,김수빈,sbag@example.net,2025-07-23 01:47:40.385720
47,강현주,coeyejin@example.com,2023-09-29 10:31:51.382922
48,김춘자,jungsu81@example.net,2024-06-05 15:36:34.520220
49,김순옥,hgang@example.com,2024-01-09 03:02:57.591612
50,류정수,xgim@example.com,2024-06-25 11:15:33.886271
51,송영철,li@example.net,2025-03-11 04:05:41.622178
52,김명자,cunjabag@example.com,2023-09-09 07:55:29.428429
53,최은영,mijeong17@example.net,2023-12-28 05:11:14.667432
54,김명자,uhan@example.net,2025-04-27 10:46:08.700588
55,김정훈,seohyeonbag@example.org,2023-08-26 23:42:46.501198
56,조옥순,seoyeong89@example.net,2023-10-30 15:48:04.148877
57,윤예지,ui@example.com,2025-04-29 14:14:26.996601
58,송숙자,gosangho@example.com,2024-03-26 12:49:25.325985
59,최도윤,yeongjin69@example.net,2024-12-02 06:25:24.911883
60,김유진,egim@example.org,2025-04-06 04:08:54.697630
61,홍민준,ieunseo@example.org,2023-08-09 21:52:48.479533
62,김예진,myeongsug28@example.org,2024-11-26 05:06:22.723885
63,장정남,jeonghungim@example.com,2025-04-22 03:54:59.261187
64,이영순,dohyeoncoe@example.net,2024-08-15 01:22:06.993760
65,이하은,gangjihye@example.org,2024-11-26 12:24:39.132435
66,이하은,miyeong13@example.net,2024-11-28 09:00:29.596208
67,이예지,jeongsigi@example.com,2025-03-20 19:57:13.856070
68,박서연,jia82@example.org,2025-06-14 09:26:47.441170
69,지성현,jiyeong06@example.org,2024-05-14 17:59:56.954836
70,이상현,bgim@example.net,2024-09-30 19:43:32.218077
71,박시우,munyeongmi@example.org,2024-07-12 14:13:07.894871
72,장지현,yeongsuhong@example.com,2025-02-27 10:15:42.730304
73,박도윤,agang@example.net,2023-08-11 20:25:51.181528
74,한도현,ogjajang@example.org,2025-01-04 00:25:00.801523
75,한은정,oan@example.net,2024-07-23 20:15:55.742898
76,김병철,junyeong94@example.com,2025-06-24 12:34:39.949627
77,김미정,ogsun67@example.com,2025-01-29 02:54:21.407863
78,장상호,yejin95@example.net,2023-10-16 16:32:28.402879
79,김영환,gyeongsu63@example.net,2023-09-12 13:40:32.443681
80,김영숙,eunjui@example.com,2024-05-09 16:11:28.417947
81,김도현,seunghyeon35@example.org,2025-07-08 23:10:41.656673
82,김상현,gimjeongsig@example.net,2024-09-16 13:55:12.984465
83,김경희,sunja00@example.net,2025-07-08 21:51:10.823652
84,김동현,eunyeong16@example.com,2023-12-15 02:54:03.424907
85,김은서,seoyeong18@example.com,2024-06-27 23:24:52.308859
86,서정희,sangho30@example.com,2024-08-20 00:53:25.426382
87,김예진,ago@example.org,2024-06-29 00:45:31.111172
88,양명숙,mijeong52@example.org,2024-07-03 11:26:47.869780
89,김도윤,yejison@example.org,2024-03-08 04:55:45.168481
90,서은주,jeongung35@example.net,2023-10-17 15:38:53.630404
91,이준호,junhocoe@example.com,2024-03-26 00:31:31.425057
92,유윤서,gimyeweon@example.com,2025-03-02 01:22:05.569697
93,김현정,li@example.org,2024-04-27 10:09:40.800242
94,윤은주,gangeunjeong@example.org,2024-08-11 16:40:07.766073
95,심현준,gimjihye@example.net,2023-12-12 05:59:04.880957
96,손민재,eungyeong76@example.net,2024-09-03 05:27:09.601059
97,김영식,beom@example.org,2024-08-02 10:34:35.971833
98,박영희,iyeonggil@example.net,2023-09-02 12:53:06.206330
99,최성진,ycoe@example.org,2024-01-12 10:27:05.259969
100,서상철,cunja66@example.net,2023-09-04 00:16:38.950753
